County Name,Most Recent Date,Total Count Confirmed,Total Count Deaths,COVID-19 Positive Patients,Suspected COVID-19 Positive Patients,ICU COVID-19 Positive Patients,ICU COVID-19 Suspected Patients
Los Angeles,43834.00,3502.00,66.00,739.00,1332.00,335.00,220.00
San Bernardino,43834.00,245.00,5.00,95.00,196.00,39.00,52.00
Orange,43834.00,579.00,11.00,117.00,221.00,50.00,48.00
Riverside,43834.00,306.00,11.00,85.00,182.00,29.00,47.00
Sacramento,43834.00,299.00,8.00,53.00,138.00,20.00,33.00
San Diego,43834.00,851.00,11.00,168.00,340.00,71.00,32.00
Ventura,43834.00,154.00,5.00,22.00,96.00,5.00,23.00
Santa Clara,43834.00,805.00,33.00,160.00,85.00,77.00,15.00
Alameda,43834.00,287.00,8.00,52.00,76.00,27.00,15.00
Fresno,43834.00,75.00,0.00,19.00,101.00,5.00,13.00
Contra Costa,43834.00,267.00,3.00,31.00,42.00,12.00,12.00
San Joaquin,43834.00,132.00,8.00,25.00,35.00,16.00,11.00
San Mateo,43834.00,354.00,13.00,57.00,35.00,19.00,9.00
Kern,43834.00,53.00,0.00,15.00,45.00,7.00,9.00
San Francisco,43834.00,432.00,6.00,67.00,66.00,30.00,8.00
Santa Barbara,43834.00,103.00,0.00,23.00,23.00,15.00,6.00
Stanislaus,43834.00,29.00,0.00,25.00,39.00,10.00,6.00
San Luis Obispo,43834.00,69.00,0.00,8.00,10.00,5.00,6.00
Monterey,43834.00,47.00,2.00,13.00,16.00,4.00,4.00
Imperial,43834.00,25.00,0.00,4.00,15.00,3.00,4.00
Tulare,43834.00,43.00,1.00,4.00,12.00,3.00,4.00
Butte,43834.00,6.00,0.00,5.00,33.00,2.00,4.00
Yuba,43834.00,5.00,0.00,2.00,24.00,2.00,4.00
Nevada,43834.00,15.00,0.00,36.00,54.00,0.00,4.00
El Dorado,43834.00,14.00,0.00,14.00,8.00,1.00,3.00
Merced,43834.00,7.00,0.00,3.00,15.00,0.00,3.00
Humboldt,43834.00,19.00,0.00,1.00,9.00,0.00,3.00
Placer,43834.00,52.00,2.00,25.00,28.00,6.00,2.00
Solano,43834.00,57.00,0.00,14.00,18.00,5.00,2.00
Marin,43834.00,87.00,1.00,9.00,19.00,4.00,2.00
Santa Cruz,43834.00,44.00,1.00,2.00,12.00,2.00,2.00
Sonoma,43834.00,60.00,1.00,5.00,18.00,1.00,2.00
Kings,43834.00,3.00,0.00,2.00,6.00,1.00,2.00
Siskiyou,43834.00,3.00,0.00,0.00,5.00,0.00,2.00
Yolo,43834.00,22.00,1.00,3.00,3.00,1.00,1.00
Shasta,43834.00,5.00,1.00,1.00,4.00,0.00,1.00
Napa,43834.00,11.00,0.00,2.00,2.00,0.00,1.00
Colusa,43834.00,1.00,0.00,0.00,1.00,0.00,1.00
Tehama,43834.00,0.00,0.00,0.00,1.00,0.00,1.00
San Benito,43834.00,14.00,1.00,2.00,0.00,2.00,0.00
Madera,43834.00,17.00,1.00,1.00,3.00,1.00,0.00
Inyo,43834.00,8.00,0.00,7.00,89.00,0.00,0.00
Lassen,43834.00,0.00,0.00,0.00,7.00,0.00,0.00
Del Norte,43834.00,0.00,0.00,0.00,5.00,0.00,0.00
Amador,43834.00,1.00,0.00,0.00,3.00,0.00,0.00
Mendocino,43834.00,4.00,0.00,0.00,2.00,0.00,0.00
Lake,43834.00,0.00,0.00,0.00,2.00,0.00,0.00
Calaveras,43834.00,3.00,0.00,0.00,1.00,0.00,0.00
Mono,43834.00,12.00,1.00,0.00,0.00,0.00,0.00
Sutter,43834.00,9.00,1.00,0.00,0.00,0.00,0.00
Plumas,43834.00,1.00,0.00,0.00,0.00,0.00,0.00
Tuolumne,43834.00,1.00,0.00,0.00,0.00,0.00,0.00
Mariposa,43834.00,0.00,0.00,0.00,0.00,0.00,0.00
Trinity,43834.00,0.00,0.00,0.00,0.00,0.00,0.00
Unassigned,43834.00,50.00,1.00,,,,
Glenn,43834.00,2.00,0.00,,,,
Alpine,43834.00,1.00,0.00,,,,
Sierra,43834.00,0.00,0.00,,,,
Modoc,43834.00,,,0.00,1.00,0.00,0.00
Alameda,43865.00,345.00,10.00,57.00,76.00,29.00,17.00
Alpine,43865.00,1.00,0.00,,,,
Amador,43865.00,2.00,0.00,0.00,3.00,0.00,0.00
Butte,43865.00,7.00,0.00,4.00,26.00,2.00,2.00
Calaveras,43865.00,3.00,0.00,0.00,1.00,0.00,0.00
Colusa,43865.00,1.00,0.00,0.00,1.00,0.00,1.00
Contra Costa,43865.00,297.00,3.00,32.00,38.00,13.00,10.00
Del Norte,43865.00,0.00,0.00,0.00,3.00,0.00,0.00
El Dorado,43865.00,16.00,0.00,15.00,12.00,0.00,6.00
Fresno,43865.00,92.00,0.00,17.00,74.00,6.00,13.00
Glenn,43865.00,2.00,0.00,0.00,0.00,0.00,0.00
Humboldt,43865.00,23.00,0.00,1.00,8.00,0.00,2.00
Imperial,43865.00,24.00,0.00,4.00,16.00,3.00,5.00
Inyo,43865.00,8.00,0.00,8.00,102.00,0.00,1.00
Kern,43865.00,74.00,0.00,27.00,77.00,12.00,23.00
Kings,43865.00,3.00,0.00,2.00,6.00,1.00,1.00
Lake,43865.00,0.00,0.00,0.00,1.00,0.00,0.00
Lassen,43865.00,0.00,0.00,0.00,7.00,0.00,0.00
Los Angeles,43865.00,4040.00,79.00,818.00,1270.00,346.00,193.00
Madera,43865.00,25.00,1.00,1.00,7.00,1.00,3.00
Marin,43865.00,102.00,1.00,7.00,16.00,3.00,1.00
Mariposa,43865.00,0.00,0.00,0.00,1.00,0.00,0.00
Mendocino,43865.00,4.00,0.00,0.00,1.00,0.00,0.00
Merced,43865.00,9.00,0.00,4.00,5.00,0.00,1.00
Mono,43865.00,16.00,1.00,18.00,2.00,0.00,0.00
Monterey,43865.00,50.00,2.00,14.00,14.00,4.00,2.00
Napa,43865.00,13.00,0.00,1.00,4.00,1.00,1.00
Nevada,43865.00,17.00,0.00,38.00,58.00,2.00,1.00
Orange,43865.00,640.00,12.00,129.00,225.00,67.00,47.00
Placer,43865.00,72.00,2.00,32.00,15.00,9.00,0.00
Plumas,43865.00,1.00,0.00,0.00,0.00,0.00,0.00
Riverside,43865.00,438.00,13.00,136.00,181.00,45.00,49.00
Sacramento,43865.00,322.00,9.00,71.00,92.00,24.00,19.00
San Benito,43865.00,18.00,1.00,2.00,0.00,2.00,0.00
San Bernardino,43865.00,335.00,8.00,126.00,185.00,50.00,45.00
San Diego,43865.00,968.00,16.00,144.00,343.00,69.00,35.00
San Francisco,43865.00,473.00,6.00,75.00,60.00,32.00,11.00
San Joaquin,43865.00,148.00,9.00,42.00,42.00,20.00,7.00
San Luis Obispo,43865.00,79.00,0.00,5.00,5.00,4.00,4.00
San Mateo,43865.00,423.00,13.00,62.00,40.00,26.00,4.00
Santa Barbara,43865.00,125.00,1.00,26.00,44.00,18.00,10.00
Santa Clara,43865.00,908.00,38.00,163.00,101.00,69.00,19.00
Santa Cruz,43865.00,49.00,1.00,4.00,4.00,3.00,0.00
Shasta,43865.00,7.00,1.00,2.00,4.00,1.00,0.00
Sierra,43865.00,0.00,0.00,,,,
Siskiyou,43865.00,3.00,0.00,0.00,3.00,0.00,2.00
Solano,43865.00,65.00,0.00,15.00,8.00,7.00,1.00
Sonoma,43865.00,76.00,1.00,8.00,18.00,1.00,0.00
Stanislaus,43865.00,40.00,0.00,30.00,43.00,11.00,7.00
Sutter,43865.00,10.00,1.00,0.00,0.00,,
Tehama,43865.00,1.00,0.00,0.00,1.00,0.00,1.00
Trinity,43865.00,0.00,0.00,0.00,0.00,0.00,0.00
Tulare,43865.00,64.00,1.00,4.00,26.00,4.00,5.00
Tuolumne,43865.00,1.00,0.00,0.00,0.00,0.00,0.00
Unassigned,43865.00,49.00,1.00,,,,
Ventura,43865.00,178.00,5.00,27.00,111.00,7.00,24.00
Yolo,43865.00,29.00,1.00,3.00,2.00,2.00,3.00
Yuba,43865.00,5.00,0.00,2.00,25.00,2.00,6.00
Alameda,43894.00,395.00,11.00,64.00,74.00,32.00,13.00
Alpine,43894.00,1.00,0.00,,,,
Amador,43894.00,2.00,0.00,0.00,0.00,0.00,0.00
Butte,43894.00,8.00,0.00,3.00,19.00,2.00,6.00
Calaveras,43894.00,3.00,0.00,0.00,1.00,0.00,0.00
Colusa,43894.00,1.00,0.00,1.00,0.00,1.00,0.00
Contra Costa,43894.00,327.00,5.00,31.00,39.00,15.00,10.00
Del Norte,43894.00,1.00,0.00,0.00,2.00,0.00,0.00
El Dorado,43894.00,16.00,0.00,15.00,9.00,0.00,4.00
Fresno,43894.00,98.00,1.00,15.00,81.00,7.00,16.00
Glenn,43894.00,2.00,0.00,0.00,0.00,0.00,0.00
Humboldt,43894.00,34.00,0.00,1.00,7.00,0.00,0.00
Imperial,43894.00,35.00,0.00,9.00,7.00,7.00,0.00
Inyo,43894.00,10.00,0.00,8.00,102.00,1.00,2.00
Kern,43894.00,87.00,1.00,35.00,73.00,12.00,16.00
Kings,43894.00,3.00,0.00,0.00,3.00,1.00,0.00
Lake,43894.00,0.00,0.00,0.00,2.00,0.00,1.00
Lassen,43894.00,0.00,0.00,0.00,3.00,0.00,0.00
Los Angeles,43894.00,4566.00,91.00,962.00,1239.00,422.00,209.00
Madera,43894.00,28.00,2.00,0.00,5.00,0.00,1.00
Marin,43894.00,106.00,6.00,6.00,16.00,3.00,5.00
Mariposa,43894.00,0.00,0.00,0.00,2.00,0.00,0.00
Mendocino,43894.00,4.00,0.00,0.00,5.00,0.00,1.00
Merced,43894.00,9.00,0.00,4.00,5.00,1.00,1.00
Modoc,43894.00,0.00,0.00,0.00,0.00,0.00,0.00
Mono,43894.00,18.00,1.00,18.00,2.00,0.00,0.00
Monterey,43894.00,58.00,2.00,16.00,18.00,3.00,1.00
Napa,43894.00,13.00,1.00,1.00,9.00,0.00,1.00
Nevada,43894.00,19.00,1.00,2.00,4.00,2.00,1.00
Orange,43894.00,713.00,13.00,131.00,182.00,66.00,36.00
Placer,43894.00,76.00,2.00,21.00,23.00,10.00,1.00
Plumas,43894.00,2.00,0.00,0.00,0.00,0.00,0.00
Riverside,43894.00,540.00,14.00,105.00,182.00,44.00,59.00
Sacramento,43894.00,363.00,11.00,77.00,76.00,28.00,17.00
San Benito,43894.00,22.00,1.00,2.00,0.00,2.00,0.00
San Bernardino,43894.00,356.00,11.00,118.00,204.00,44.00,53.00
San Diego,43894.00,1114.00,17.00,171.00,308.00,84.00,28.00
San Francisco,43894.00,506.00,6.00,80.00,71.00,39.00,8.00
San Joaquin,43894.00,162.00,10.00,41.00,38.00,18.00,8.00
San Luis Obispo,43894.00,82.00,0.00,4.00,5.00,3.00,2.00
San Mateo,43894.00,474.00,13.00,65.00,39.00,26.00,4.00
Santa Barbara,43894.00,154.00,1.00,27.00,29.00,18.00,4.00
Santa Clara,43894.00,983.00,39.00,164.00,83.00,71.00,17.00
Santa Cruz,43894.00,52.00,1.00,4.00,8.00,3.00,0.00
Shasta,43894.00,10.00,1.00,2.00,9.00,1.00,3.00
Sierra,43894.00,0.00,0.00,,,,
Siskiyou,43894.00,3.00,0.00,0.00,3.00,0.00,1.00
Solano,43894.00,72.00,1.00,16.00,21.00,7.00,5.00
Sonoma,43894.00,84.00,1.00,6.00,24.00,2.00,3.00
Stanislaus,43894.00,48.00,0.00,28.00,45.00,12.00,8.00
Sutter,43894.00,12.00,1.00,0.00,0.00,,
Tehama,43894.00,1.00,0.00,0.00,0.00,0.00,0.00
Trinity,43894.00,0.00,0.00,0.00,0.00,0.00,0.00
Tulare,43894.00,73.00,3.00,6.00,15.00,5.00,2.00
Tuolumne,43894.00,1.00,0.00,0.00,0.00,0.00,0.00
Unassigned,43894.00,54.00,1.00,,,,
Ventura,43894.00,186.00,6.00,22.00,116.00,6.00,28.00
Yolo,43894.00,33.00,1.00,2.00,7.00,3.00,6.00
Yuba,43894.00,6.00,0.00,2.00,12.00,2.00,2.00
Alameda,43925.00,468.00,12.00,60.00,95.00,35.00,18.00
Alpine,43925.00,1.00,0.00,,,,
Amador,43925.00,2.00,0.00,0.00,0.00,0.00,0.00
Butte,43925.00,10.00,0.00,3.00,14.00,1.00,4.00
Calaveras,43925.00,3.00,0.00,0.00,1.00,0.00,0.00
Colusa,43925.00,1.00,0.00,1.00,0.00,1.00,0.00
Contra Costa,43925.00,382.00,5.00,30.00,47.00,12.00,7.00
Del Norte,43925.00,1.00,0.00,0.00,2.00,0.00,0.00
El Dorado,43925.00,19.00,0.00,15.00,9.00,0.00,3.00
Fresno,43925.00,102.00,1.00,14.00,93.00,7.00,20.00
Glenn,43925.00,2.00,0.00,0.00,0.00,0.00,0.00
Humboldt,43925.00,29.00,0.00,1.00,4.00,0.00,0.00
Imperial,43925.00,42.00,1.00,9.00,10.00,5.00,2.00
Inyo,43925.00,10.00,0.00,8.00,106.00,1.00,1.00
Kern,43925.00,103.00,2.00,33.00,54.00,14.00,11.00
Kings,43925.00,3.00,0.00,1.00,9.00,1.00,0.00
Lake,43925.00,0.00,0.00,0.00,4.00,0.00,1.00
Lassen,43925.00,0.00,0.00,0.00,0.00,0.00,0.00
Los Angeles,43925.00,5275.00,117.00,1007.00,1190.00,449.00,181.00
Madera,43925.00,27.00,2.00,0.00,4.00,0.00,0.00
Marin,43925.00,111.00,6.00,5.00,16.00,3.00,5.00
Mariposa,43925.00,0.00,0.00,0.00,2.00,0.00,0.00
Mendocino,43925.00,4.00,0.00,0.00,3.00,0.00,1.00
Merced,43925.00,11.00,0.00,5.00,14.00,1.00,1.00
Modoc,43925.00,0.00,0.00,0.00,0.00,0.00,0.00
Mono,43925.00,18.00,1.00,20.00,2.00,0.00,0.00
Monterey,43925.00,61.00,2.00,16.00,25.00,4.00,2.00
Napa,43925.00,15.00,2.00,1.00,8.00,0.00,1.00
Nevada,43925.00,19.00,1.00,2.00,6.00,2.00,2.00
Orange,43925.00,781.00,15.00,143.00,213.00,70.00,45.00
Placer,43925.00,87.00,2.00,23.00,14.00,10.00,1.00
Plumas,43925.00,2.00,0.00,0.00,0.00,0.00,0.00
Riverside,43925.00,652.00,15.00,126.00,186.00,39.00,56.00
Sacramento,43925.00,393.00,11.00,69.00,76.00,25.00,18.00
San Benito,43925.00,22.00,1.00,2.00,3.00,2.00,0.00
San Bernardino,43925.00,373.00,13.00,138.00,254.00,51.00,66.00
San Diego,43925.00,1211.00,18.00,177.00,218.00,86.00,19.00
San Francisco,43925.00,537.00,6.00,80.00,65.00,37.00,7.00
San Joaquin,43925.00,171.00,10.00,43.00,30.00,16.00,7.00
San Luis Obispo,43925.00,82.00,0.00,4.00,6.00,3.00,3.00
San Mateo,43925.00,520.00,17.00,66.00,19.00,25.00,6.00
Santa Barbara,43925.00,167.00,1.00,28.00,34.00,18.00,2.00
Santa Clara,43925.00,1045.00,39.00,159.00,79.00,72.00,19.00
Santa Cruz,43925.00,56.00,1.00,4.00,6.00,3.00,0.00
Shasta,43925.00,11.00,2.00,2.00,10.00,4.00,0.00
Sierra,43925.00,0.00,0.00,,,,
Siskiyou,43925.00,3.00,0.00,0.00,2.00,0.00,1.00
Solano,43925.00,79.00,1.00,16.00,19.00,7.00,2.00
Sonoma,43925.00,88.00,1.00,7.00,16.00,2.00,6.00
Stanislaus,43925.00,51.00,0.00,30.00,45.00,12.00,9.00
Sutter,43925.00,14.00,1.00,0.00,0.00,,
Tehama,43925.00,1.00,0.00,0.00,1.00,0.00,0.00
Trinity,43925.00,0.00,0.00,0.00,0.00,0.00,0.00
Tulare,43925.00,79.00,4.00,8.00,20.00,5.00,1.00
Tuolumne,43925.00,1.00,0.00,0.00,1.00,0.00,1.00
Unassigned,43925.00,52.00,1.00,,,,
Ventura,43925.00,194.00,6.00,21.00,127.00,7.00,25.00
Yolo,43925.00,40.00,2.00,4.00,5.00,3.00,3.00
Yuba,43925.00,7.00,0.00,2.00,16.00,2.00,2.00
Alameda,43955.00,475.00,12.00,72.00,87.00,39.00,13.00
Alpine,43955.00,1.00,0.00,,,,
Amador,43955.00,2.00,0.00,0.00,0.00,0.00,0.00
Butte,43955.00,10.00,0.00,2.00,16.00,1.00,6.00
Calaveras,43955.00,3.00,0.00,0.00,0.00,0.00,0.00
Colusa,43955.00,1.00,0.00,1.00,0.00,1.00,0.00
Contra Costa,43955.00,415.00,6.00,29.00,35.00,15.00,10.00
Del Norte,43955.00,1.00,0.00,0.00,1.00,0.00,0.00
El Dorado,43955.00,19.00,0.00,16.00,6.00,0.00,3.00
Fresno,43955.00,102.00,1.00,16.00,81.00,8.00,15.00
Glenn,43955.00,2.00,0.00,0.00,0.00,0.00,0.00
Humboldt,43955.00,29.00,0.00,2.00,3.00,0.00,0.00
Imperial,43955.00,42.00,1.00,9.00,9.00,8.00,1.00
Inyo,43955.00,10.00,0.00,9.00,106.00,1.00,0.00
Kern,43955.00,109.00,2.00,23.00,27.00,12.00,4.00
Kings,43955.00,4.00,0.00,3.00,1.00,2.00,0.00
Lake,43955.00,0.00,0.00,0.00,4.00,0.00,2.00
Lassen,43955.00,0.00,0.00,0.00,0.00,0.00,0.00
Los Angeles,43955.00,5892.00,130.00,1094.00,1082.00,473.00,166.00
Madera,43955.00,27.00,2.00,0.00,1.00,0.00,0.00
Marin,43955.00,113.00,6.00,5.00,15.00,3.00,5.00
Mariposa,43955.00,0.00,0.00,0.00,2.00,0.00,0.00
Mendocino,43955.00,4.00,0.00,0.00,3.00,0.00,2.00
Merced,43955.00,16.00,0.00,15.00,10.00,1.00,3.00
Modoc,43955.00,0.00,0.00,0.00,0.00,0.00,0.00
Mono,43955.00,18.00,1.00,20.00,2.00,0.00,0.00
Monterey,43955.00,61.00,2.00,16.00,15.00,4.00,0.00
Napa,43955.00,15.00,2.00,1.00,8.00,0.00,1.00
Nevada,43955.00,19.00,1.00,2.00,4.00,2.00,1.00
Orange,43955.00,820.00,15.00,144.00,221.00,70.00,46.00
Placer,43955.00,86.00,3.00,23.00,13.00,10.00,1.00
Plumas,43955.00,2.00,0.00,0.00,0.00,0.00,0.00
Riverside,43955.00,669.00,17.00,129.00,207.00,47.00,60.00
Sacramento,43955.00,393.00,11.00,64.00,78.00,23.00,26.00
San Benito,43955.00,22.00,1.00,3.00,0.00,2.00,0.00
San Bernardino,43955.00,375.00,13.00,146.00,240.00,59.00,54.00
San Diego,43955.00,1328.00,19.00,179.00,220.00,89.00,31.00
San Francisco,43955.00,559.00,6.00,79.00,68.00,37.00,11.00
San Joaquin,43955.00,179.00,10.00,46.00,24.00,17.00,4.00
San Luis Obispo,43955.00,83.00,1.00,2.00,11.00,2.00,9.00
San Mateo,43955.00,528.00,19.00,69.00,15.00,24.00,6.00
Santa Barbara,43955.00,171.00,1.00,31.00,26.00,18.00,2.00
Santa Clara,43955.00,1052.00,42.00,166.00,69.00,68.00,18.00
Santa Cruz,43955.00,59.00,1.00,5.00,12.00,4.00,4.00
Shasta,43955.00,11.00,2.00,8.00,11.00,4.00,0.00
Sierra,43955.00,0.00,0.00,,,,
Siskiyou,43955.00,3.00,0.00,0.00,2.00,0.00,2.00
Solano,43955.00,78.00,1.00,15.00,17.00,6.00,24.00
Sonoma,43955.00,88.00,1.00,6.00,21.00,2.00,6.00
Stanislaus,43955.00,51.00,0.00,30.00,25.00,14.00,5.00
Sutter,43955.00,14.00,1.00,0.00,0.00,0.00,0.00
Tehama,43955.00,1.00,0.00,0.00,1.00,0.00,0.00
Trinity,43955.00,0.00,0.00,0.00,0.00,0.00,0.00
Tulare,43955.00,81.00,4.00,4.00,20.00,8.00,2.00
Tuolumne,43955.00,1.00,0.00,0.00,0.00,0.00,0.00
Unassigned,43955.00,52.00,1.00,,,,
Ventura,43955.00,196.00,6.00,21.00,128.00,7.00,28.00
Yolo,43955.00,37.00,2.00,3.00,6.00,3.00,3.00
Yuba,43955.00,7.00,0.00,1.00,14.00,1.00,1.00
Alameda,43986.00,527.00,13.00,79.00,70.00,43.00,19.00
Alpine,43986.00,1.00,0.00,,,,
Amador,43986.00,2.00,0.00,0.00,0.00,0.00,0.00
Butte,43986.00,11.00,0.00,1.00,15.00,1.00,5.00
Calaveras,43986.00,4.00,0.00,0.00,0.00,0.00,0.00
Colusa,43986.00,1.00,0.00,0.00,0.00,0.00,0.00
Contra Costa,43986.00,447.00,7.00,30.00,28.00,15.00,11.00
Del Norte,43986.00,2.00,0.00,0.00,3.00,0.00,0.00
El Dorado,43986.00,23.00,0.00,16.00,1.00,0.00,0.00
Fresno,43986.00,122.00,1.00,18.00,81.00,11.00,20.00
Glenn,43986.00,2.00,0.00,0.00,0.00,0.00,0.00
Humboldt,43986.00,37.00,0.00,3.00,12.00,0.00,3.00
Imperial,43986.00,47.00,1.00,9.00,14.00,7.00,2.00
Inyo,43986.00,11.00,0.00,9.00,114.00,1.00,0.00
Kern,43986.00,117.00,2.00,24.00,36.00,12.00,5.00
Kings,43986.00,3.00,0.00,3.00,3.00,2.00,0.00
Lake,43986.00,1.00,0.00,0.00,8.00,0.00,2.00
Lassen,43986.00,0.00,0.00,0.00,0.00,0.00,0.00
Los Angeles,43986.00,6346.00,145.00,1166.00,1070.00,486.00,175.00
Madera,43986.00,29.00,2.00,0.00,2.00,0.00,1.00
Marin,43986.00,119.00,7.00,8.00,8.00,4.00,4.00
Mariposa,43986.00,0.00,0.00,0.00,3.00,0.00,0.00
Mendocino,43986.00,4.00,0.00,0.00,2.00,0.00,2.00
Merced,43986.00,25.00,1.00,4.00,2.00,0.00,2.00
Modoc,43986.00,0.00,0.00,0.00,0.00,0.00,0.00
Mono,43986.00,18.00,1.00,20.00,2.00,0.00,0.00
Monterey,43986.00,62.00,2.00,16.00,15.00,5.00,1.00
Napa,43986.00,18.00,2.00,0.00,7.00,0.00,0.00
Nevada,43986.00,19.00,1.00,1.00,5.00,1.00,2.00
Orange,43986.00,910.00,17.00,145.00,171.00,73.00,33.00
Placer,43986.00,90.00,3.00,20.00,12.00,10.00,1.00
Plumas,43986.00,2.00,0.00,0.00,0.00,0.00,0.00
Riverside,43986.00,854.00,17.00,129.00,193.00,46.00,65.00
Sacramento,43986.00,448.00,15.00,77.00,78.00,26.00,19.00
San Benito,43986.00,25.00,1.00,3.00,3.00,2.00,0.00
San Bernardino,43986.00,550.00,13.00,148.00,185.00,60.00,43.00
San Diego,43986.00,1406.00,19.00,187.00,224.00,83.00,25.00
San Francisco,43986.00,586.00,6.00,80.00,71.00,34.00,9.00
San Joaquin,43986.00,191.00,10.00,31.00,32.00,14.00,3.00
San Luis Obispo,43986.00,85.00,1.00,2.00,3.00,2.00,2.00
San Mateo,43986.00,569.00,20.00,68.00,20.00,25.00,5.00
Santa Barbara,43986.00,189.00,2.00,34.00,26.00,19.00,5.00
Santa Clara,43986.00,1128.00,43.00,181.00,49.00,79.00,10.00
Santa Cruz,43986.00,65.00,1.00,5.00,9.00,4.00,2.00
Shasta,43986.00,16.00,3.00,6.00,3.00,2.00,2.00
Sierra,43986.00,0.00,0.00,,,,
Siskiyou,43986.00,4.00,0.00,0.00,0.00,0.00,0.00
Solano,43986.00,95.00,1.00,15.00,21.00,6.00,6.00
Sonoma,43986.00,102.00,1.00,6.00,18.00,2.00,4.00
Stanislaus,43986.00,72.00,0.00,28.00,28.00,12.00,4.00
Sutter,43986.00,14.00,2.00,0.00,0.00,,
Tehama,43986.00,1.00,0.00,0.00,0.00,0.00,0.00
Trinity,43986.00,0.00,0.00,0.00,0.00,0.00,0.00
Tulare,43986.00,126.00,5.00,12.00,24.00,8.00,3.00
Tuolumne,43986.00,1.00,0.00,0.00,0.00,0.00,0.00
Unassigned,43986.00,53.00,2.00,,,,
Ventura,43986.00,234.00,6.00,22.00,106.00,9.00,20.00
Yolo,43986.00,43.00,1.00,4.00,0.00,3.00,4.00
Yuba,43986.00,8.00,0.00,1.00,19.00,1.00,3.00
Alameda,44016.00,560.00,14.00,76.00,84.00,43.00,25.00
Alpine,44016.00,1.00,0.00,,,,
Amador,44016.00,2.00,0.00,0.00,0.00,0.00,0.00
Butte,44016.00,11.00,0.00,1.00,14.00,1.00,5.00
Calaveras,44016.00,5.00,0.00,0.00,1.00,0.00,0.00
Colusa,44016.00,2.00,0.00,0.00,0.00,0.00,0.00
Contra Costa,44016.00,471.00,7.00,31.00,38.00,17.00,9.00
Del Norte,44016.00,2.00,0.00,0.00,3.00,0.00,1.00
El Dorado,44016.00,22.00,0.00,16.00,2.00,0.00,3.00
Fresno,44016.00,138.00,3.00,20.00,82.00,11.00,13.00
Glenn,44016.00,2.00,0.00,0.00,0.00,0.00,0.00
Humboldt,44016.00,40.00,0.00,2.00,7.00,0.00,0.00
Imperial,44016.00,53.00,2.00,9.00,14.00,7.00,2.00
Inyo,44016.00,11.00,0.00,9.00,121.00,1.00,0.00
Kern,44016.00,134.00,2.00,28.00,91.00,14.00,13.00
Kings,44016.00,5.00,0.00,3.00,4.00,2.00,0.00
Lake,44016.00,1.00,0.00,0.00,0.00,0.00,0.00
Lassen,44016.00,0.00,0.00,0.00,1.00,0.00,0.00
Los Angeles,44016.00,6885.00,170.00,1251.00,1350.00,517.00,162.00
Madera,44016.00,28.00,2.00,0.00,3.00,0.00,1.00
Marin,44016.00,122.00,7.00,6.00,5.00,4.00,4.00
Mariposa,44016.00,0.00,0.00,0.00,3.00,0.00,0.00
Mendocino,44016.00,4.00,0.00,0.00,2.00,0.00,0.00
Merced,44016.00,27.00,1.00,3.00,3.00,0.00,3.00
Modoc,44016.00,0.00,0.00,0.00,1.00,0.00,0.00
Mono,44016.00,18.00,1.00,20.00,2.00,0.00,0.00
Monterey,44016.00,63.00,2.00,18.00,25.00,5.00,4.00
Napa,44016.00,18.00,2.00,0.00,5.00,0.00,3.00
Nevada,44016.00,20.00,1.00,1.00,4.00,1.00,2.00
Orange,44016.00,971.00,19.00,143.00,144.00,71.00,29.00
Placer,44016.00,94.00,3.00,19.00,18.00,9.00,3.00
Plumas,44016.00,3.00,0.00,0.00,1.00,0.00,0.00
Riverside,44016.00,905.00,25.00,129.00,207.00,57.00,57.00
Sacramento,44016.00,513.00,18.00,74.00,91.00,28.00,18.00
San Benito,44016.00,26.00,2.00,3.00,3.00,2.00,0.00
San Bernardino,44016.00,554.00,18.00,146.00,178.00,54.00,49.00
San Diego,44016.00,1456.00,31.00,203.00,124.00,87.00,29.00
San Francisco,44016.00,636.00,6.00,88.00,116.00,36.00,9.00
San Joaquin,44016.00,198.00,12.00,31.00,33.00,14.00,4.00
San Luis Obispo,44016.00,87.00,1.00,2.00,5.00,2.00,4.00
San Mateo,44016.00,573.00,22.00,63.00,13.00,26.00,2.00
Santa Barbara,44016.00,209.00,2.00,41.00,8.00,23.00,1.00
Santa Clara,44016.00,1193.00,46.00,187.00,47.00,77.00,7.00
Santa Cruz,44016.00,67.00,1.00,4.00,4.00,4.00,3.00
Shasta,44016.00,16.00,3.00,5.00,8.00,2.00,3.00
Sierra,44016.00,0.00,0.00,,,,
Siskiyou,44016.00,4.00,0.00,0.00,1.00,0.00,1.00
Solano,44016.00,99.00,1.00,14.00,24.00,7.00,6.00
Sonoma,44016.00,102.00,1.00,6.00,28.00,2.00,6.00
Stanislaus,44016.00,83.00,0.00,28.00,40.00,13.00,9.00
Sutter,44016.00,16.00,2.00,0.00,0.00,,
Tehama,44016.00,1.00,0.00,0.00,1.00,0.00,0.00
Trinity,44016.00,0.00,0.00,0.00,0.00,0.00,0.00
Tulare,44016.00,144.00,5.00,8.00,23.00,5.00,6.00
Tuolumne,44016.00,1.00,0.00,0.00,0.00,0.00,0.00
Unassigned,44016.00,53.00,2.00,,,,
Ventura,44016.00,247.00,6.00,22.00,68.00,9.00,20.00
Yolo,44016.00,51.00,2.00,2.00,3.00,2.00,1.00
Yuba,44016.00,10.00,0.00,2.00,25.00,1.00,5.00
Alameda,44047.00,594.00,15.00,84.00,69.00,45.00,18.00
Alpine,44047.00,1.00,0.00,,,,
Amador,44047.00,2.00,0.00,0.00,0.00,0.00,0.00
Butte,44047.00,11.00,0.00,1.00,15.00,1.00,7.00
Calaveras,44047.00,5.00,0.00,0.00,2.00,0.00,0.00
Colusa,44047.00,3.00,0.00,0.00,0.00,0.00,0.00
Contra Costa,44047.00,481.00,7.00,35.00,50.00,18.00,13.00
Del Norte,44047.00,2.00,0.00,0.00,2.00,0.00,1.00
El Dorado,44047.00,25.00,0.00,16.00,3.00,0.00,1.00
Fresno,44047.00,151.00,3.00,22.00,63.00,10.00,8.00
Glenn,44047.00,2.00,0.00,0.00,0.00,0.00,0.00
Humboldt,44047.00,40.00,0.00,2.00,3.00,0.00,0.00
Imperial,44047.00,59.00,2.00,16.00,7.00,8.00,3.00
Inyo,44047.00,11.00,0.00,9.00,128.00,1.00,1.00
Kern,44047.00,198.00,2.00,31.00,57.00,16.00,3.00
Kings,44047.00,5.00,0.00,2.00,8.00,1.00,1.00
Lake,44047.00,1.00,0.00,0.00,0.00,0.00,1.00
Lassen,44047.00,0.00,0.00,0.00,1.00,0.00,0.00
Los Angeles,44047.00,7505.00,196.00,1331.00,1077.00,532.00,211.00
Madera,44047.00,28.00,2.00,0.00,6.00,0.00,1.00
Marin,44047.00,125.00,7.00,5.00,3.00,4.00,2.00
Mariposa,44047.00,0.00,0.00,0.00,0.00,0.00,0.00
Mendocino,44047.00,4.00,0.00,0.00,0.00,0.00,0.00
Merced,44047.00,35.00,1.00,1.00,1.00,0.00,2.00
Modoc,44047.00,0.00,0.00,0.00,0.00,0.00,0.00
Mono,44047.00,19.00,1.00,19.00,8.00,0.00,0.00
Monterey,44047.00,68.00,3.00,18.00,24.00,5.00,0.00
Napa,44047.00,21.00,2.00,0.00,7.00,0.00,1.00
Nevada,44047.00,21.00,1.00,2.00,7.00,2.00,2.00
Orange,44047.00,1034.00,19.00,153.00,181.00,49.00,34.00
Placer,44047.00,102.00,4.00,18.00,15.00,10.00,2.00
Plumas,44047.00,3.00,0.00,0.00,1.00,0.00,0.00
Riverside,44047.00,974.00,28.00,149.00,145.00,56.00,41.00
Sacramento,44047.00,565.00,21.00,76.00,81.00,28.00,12.00
San Benito,44047.00,31.00,2.00,2.00,0.00,1.00,0.00
San Bernardino,44047.00,635.00,22.00,132.00,301.00,51.00,53.00
San Diego,44047.00,1532.00,36.00,225.00,103.00,92.00,24.00
San Francisco,44047.00,687.00,7.00,90.00,116.00,36.00,17.00
San Joaquin,44047.00,211.00,12.00,32.00,19.00,11.00,8.00
San Luis Obispo,44047.00,90.00,1.00,2.00,13.00,2.00,11.00
San Mateo,44047.00,608.00,22.00,66.00,20.00,25.00,2.00
Santa Barbara,44047.00,221.00,2.00,42.00,18.00,19.00,1.00
Santa Clara,44047.00,1257.00,47.00,156.00,34.00,70.00,6.00
Santa Cruz,44047.00,69.00,1.00,4.00,9.00,3.00,4.00
Shasta,44047.00,18.00,3.00,4.00,5.00,2.00,2.00
Sierra,44047.00,0.00,0.00,,,,
Siskiyou,44047.00,4.00,0.00,0.00,3.00,0.00,1.00
Solano,44047.00,111.00,2.00,15.00,19.00,8.00,2.00
Sonoma,44047.00,107.00,1.00,6.00,22.00,2.00,5.00
Stanislaus,44047.00,86.00,0.00,30.00,35.00,11.00,5.00
Sutter,44047.00,17.00,2.00,0.00,0.00,,
Tehama,44047.00,1.00,0.00,0.00,2.00,0.00,0.00
Trinity,44047.00,0.00,0.00,0.00,0.00,0.00,0.00
Tulare,44047.00,145.00,6.00,7.00,16.00,2.00,5.00
Tuolumne,44047.00,0.00,0.00,0.00,0.00,0.00,0.00
Unassigned,44047.00,55.00,2.00,,,,
Ventura,44047.00,263.00,7.00,18.00,73.00,9.00,14.00
Yolo,44047.00,56.00,3.00,2.00,7.00,1.00,2.00
Yuba,44047.00,10.00,0.00,2.00,24.00,1.00,3.00
Alameda,44078.00,641.00,17.00,80.00,76.00,44.00,18.00
Alpine,44078.00,1.00,0.00,0.00,0.00,0.00,0.00
Amador,44078.00,2.00,0.00,0.00,0.00,0.00,0.00
Butte,44078.00,12.00,0.00,1.00,14.00,1.00,4.00
Calaveras,44078.00,5.00,0.00,0.00,0.00,0.00,0.00
Colusa,44078.00,3.00,0.00,0.00,0.00,0.00,1.00
Contra Costa,44078.00,505.00,7.00,37.00,64.00,18.00,12.00
Del Norte,44078.00,2.00,0.00,0.00,2.00,0.00,0.00
El Dorado,44078.00,25.00,0.00,17.00,3.00,0.00,1.00
Fresno,44078.00,165.00,3.00,25.00,41.00,10.00,9.00
Glenn,44078.00,2.00,0.00,0.00,0.00,0.00,0.00
Humboldt,44078.00,36.00,0.00,2.00,6.00,0.00,2.00
Imperial,44078.00,67.00,2.00,14.00,10.00,7.00,3.00
Inyo,44078.00,11.00,0.00,9.00,135.00,1.00,0.00
Kern,44078.00,241.00,2.00,27.00,35.00,16.00,9.00
Kings,44078.00,5.00,0.00,6.00,6.00,3.00,0.00
Lake,44078.00,1.00,0.00,0.00,0.00,0.00,1.00
Lassen,44078.00,0.00,0.00,0.00,2.00,0.00,0.00
Los Angeles,44078.00,7919.00,220.00,1368.00,758.00,541.00,156.00
Madera,44078.00,28.00,2.00,0.00,3.00,0.00,2.00
Marin,44078.00,126.00,7.00,5.00,7.00,2.00,1.00
Mariposa,44078.00,0.00,0.00,0.00,0.00,0.00,0.00
Mendocino,44078.00,4.00,0.00,0.00,0.00,0.00,0.00
Merced,44078.00,41.00,3.00,1.00,7.00,0.00,2.00
Modoc,44078.00,0.00,0.00,0.00,0.00,0.00,0.00
Mono,44078.00,19.00,1.00,18.00,15.00,0.00,0.00
Monterey,44078.00,70.00,3.00,17.00,26.00,5.00,0.00
Napa,44078.00,27.00,2.00,0.00,7.00,0.00,0.00
Nevada,44078.00,23.00,1.00,2.00,4.00,2.00,1.00
Orange,44078.00,1105.00,19.00,146.00,117.00,45.00,29.00
Placer,44078.00,107.00,4.00,18.00,12.00,9.00,1.00
Plumas,44078.00,3.00,0.00,0.00,1.00,0.00,0.00
Riverside,44078.00,1083.00,29.00,201.00,159.00,59.00,34.00
Sacramento,44078.00,601.00,21.00,74.00,60.00,31.00,11.00
San Benito,44078.00,32.00,2.00,2.00,1.00,1.00,0.00
San Bernardino,44078.00,717.00,27.00,136.00,269.00,56.00,41.00
San Diego,44078.00,1630.00,40.00,227.00,124.00,98.00,18.00
San Francisco,44078.00,748.00,8.00,88.00,64.00,33.00,13.00
San Joaquin,44078.00,223.00,14.00,29.00,18.00,12.00,7.00
San Luis Obispo,44078.00,93.00,1.00,2.00,10.00,2.00,8.00
San Mateo,44078.00,630.00,23.00,58.00,14.00,18.00,2.00
Santa Barbara,44078.00,232.00,2.00,40.00,18.00,20.00,2.00
Santa Clara,44078.00,1301.00,49.00,158.00,65.00,70.00,17.00
Santa Cruz,44078.00,73.00,1.00,4.00,14.00,2.00,5.00
Shasta,44078.00,22.00,3.00,5.00,7.00,2.00,1.00
Sierra,44078.00,0.00,0.00,0.00,0.00,0.00,0.00
Siskiyou,44078.00,4.00,0.00,0.00,2.00,0.00,0.00
Solano,44078.00,118.00,2.00,14.00,9.00,8.00,0.00
Sonoma,44078.00,113.00,1.00,5.00,21.00,2.00,4.00
Stanislaus,44078.00,93.00,0.00,28.00,30.00,11.00,7.00
Sutter,44078.00,17.00,2.00,0.00,0.00,0.00,0.00
Tehama,44078.00,1.00,0.00,0.00,1.00,0.00,1.00
Trinity,44078.00,0.00,0.00,0.00,0.00,0.00,0.00
Tulare,44078.00,147.00,9.00,10.00,11.00,5.00,4.00
Tuolumne,44078.00,0.00,0.00,0.00,0.00,0.00,0.00
Unassigned,44078.00,53.00,2.00,0.00,0.00,0.00,0.00
Ventura,44078.00,273.00,9.00,18.00,69.00,8.00,13.00
Yolo,44078.00,59.00,3.00,2.00,4.00,1.00,2.00
Yuba,44078.00,13.00,0.00,3.00,18.00,2.00,4.00
